content_id,content_type,content_text,question_id,content_url,title,desc,created_time,updated_time,voteup_count,comment_count,user_id,user_link,user_nickname,user_avatar,user_url_token,source_keyword,last_modify_ts
1985289233192210686,pin,每年都会出现的离谱事故，直接看这个回答就好！「奔驰定速巡航失控，车速 120 狂奔近 1 小时，终由客服后台操控停下」的新闻是否属实？怎么回事？,,https://www.zhihu.com/pin/1985289233192210686?native=0&scene=pin_moments,,"每年都会出现的离谱事故，直接看这个回答就好！「奔驰定速巡航失控，车速 120 狂奔近 1 小时，终由客服后台操控停下」的新闻是否属实？怎么回事？
",1766109867,1766109867,2,0,df4deb9232dab1f6f7193041b6628da0,https://www.zhihu.com/people/zhangkangkang,张抗抗,https://picx.zhimg.com/v2-b8c4992b61b3435c653f23af24846efb_720w.jpg?source=8a6f5038&needBackground=1,zhangkangkang,,1766544776207
1982371491698974773,pin,"#27.99万起岚图追光L压轴上市  双拼色意味着豪华与旗舰，追光L的气场完全能hold住。一些产品技术特点：- 三电：全域800V插混、5C超充与63kWh、纯电续航410km、20%至80%电量快充仅需12分钟。- 油耗：CLTC馈电油耗4.9L/100km。- 尺寸：5125/1985/1522mm，轴距达3010mm- 安全：2000Mpa一体式加强门环设计、2000Mpa热成型车门防撞梁、华为乾崑智驾ADS4的全维防碰撞系统CAS4.0。#30万级豪华轿车首选岚图追光L

[图片] https://pic4.zhimg.com/100/v2-ce9cb3fe43b247a7ec85fa51fbb9865b_1440w.jpg, https://pic2.zhimg.com/100/v2-057506bc366e11cbde418f8e0574d9e9_1440w.jpg, https://pica.zhimg.com/100/v2-bf0e3cd04f1202cefc2e7336f621b6e8_1440w.jpg, https://pic4.zhimg.com/100/v2-74d34f2efd87cf35206da37f550a69ef_1440w.jpg, https://picx.zhimg.com/100/v2-27c5ff40dc80c27166406007018e8901_1440w.jpg, https://pic2.zhimg.com/100/v2-6bdb8350ce41a90b122f384ad4eaf6b7_1440w.jpg, https://pic2.zhimg.com/100/v2-b778f908d9effcabebbd44523206a447_1440w.jpg, https://pica.zhimg.com/100/v2-65de5d4cb63de551f181a0755ed060b2_1440w.jpg, https://pic2.zhimg.com/100/v2-a427e497277162b499ee1fab7d88b861_1440w.jpg",,https://www.zhihu.com/pin/1982371491698974773?native=0&scene=pin_moments,,#27.99万起岚图追光L压轴上市  双拼色意味着豪华与旗舰，追光L的气场完全能hold住。一些产品技术特点：- 三电：全域800V插混、5C超充与63kWh、纯电续航410km、20%至80%电量快充仅需12分钟。- 油耗：CLTC馈电油耗4.9L/100km。- 尺寸：5125/1985/1522mm，轴距达3010mm- 安全：2000Mpa一体式加强门环设计、2000Mpa热成型车门防撞梁,1765414247,1765414247,0,0,df4deb9232dab1f6f7193041b6628da0,https://www.zhihu.com/people/zhangkangkang,张抗抗,https://picx.zhimg.com/v2-b8c4992b61b3435c653f23af24846efb_720w.jpg?source=8a6f5038&needBackground=1,zhangkangkang,,1766544776208
1982349235555938836,pin,"#27.99万起岚图追光L压轴上市  版型只有2个，少意味着好记好传播。Max版27.99万元、Ultra版30.99万元，还有终身质保等五项权益。追光L是岚图三旗舰矩阵的最后一块拼图，在2025年全部拼齐。#30万级豪华轿车首选岚图追光L

[图片] https://pic4.zhimg.com/100/v2-6ff5d56a57e91308c4551099751162cf_1440w.jpg, https://pica.zhimg.com/100/v2-e47279600c9852af2505bcac18cf1a1a_1440w.jpg",,https://www.zhihu.com/pin/1982349235555938836?native=0&scene=pin_moments,,"#27.99万起岚图追光L压轴上市  版型只有2个，少意味着好记好传播。Max版27.99万元、Ultra版30.99万元，还有终身质保等五项权益。追光L是岚图三旗舰矩阵的最后一块拼图，在2025年全部拼齐。#30万级豪华轿车首选岚图追光L

[图片] https://pic4.zhimg.com/100/v2-6ff5d56a57e91308c4551099751162cf_1440w.jpg,",1765408968,1765408968,0,0,df4deb9232dab1f6f7193041b6628da0,https://www.zhihu.com/people/zhangkangkang,张抗抗,https://picx.zhimg.com/v2-b8c4992b61b3435c653f23af24846efb_720w.jpg?source=8a6f5038&needBackground=1,zhangkangkang,,1766544776208
1977851660480038699,pin,"2025广州车展的前一天，有一个广泛关注的焦点，是华为在汽车行业的新布局启幕了全新的“境”系列，而华为第一境就是启境。“境”在“界”之外，那它俩有何不同？要理解这一点，我们需要回顾一下这几年，华为的乾崑ADS 4、鸿蒙座舱、途灵平台等技术确实好用，由此带来了巨在的力量，让问界M9、享界S9T都取得了历史性的成功。华为不造车，但已经成为汽车行业不可忽视的力量。本次车展之前，它的边界就是五界+供应商赋能(岚图、阿维塔等)。边界之内，华为主要作为供应商出现，在一些品牌合作中，华为也可能延伸至营销销售环节，但总体来说还是华为和车企双方各出一块，双方优势互补组合起来。本来以为这就是最终格局了，没想到这次来了这么大的动作：“境”不只是一个新车型，也不只是一个新客户，而是以启境为起点，开辟全新的“境”系列合作模式。与传统的供应商模式不同，境是从根基出发，以智能为基因，从原点开始思考智能时代的车本身应该长成什么样。某种意义上来说，这是再次开启了一个“智能化的新起点”。除了“根”，启境直接把华为的IPD集成产品开发和IPMS集成产品营销体系，嵌入整车开发流程，这可以认为也有了华为的“神经系统”。有了根有了神经系统，这意味着，启境把造车这件从“供应关系”转变成了“体系共创”。这种体系共创试图融合双方的强处，华为方面包括乾崑ADS 4、鸿蒙座舱、途灵平台等先进技术，传统造车企业则提供成熟高效的制造体系和成熟的质量控制。也许多年之后回过头来看，汽车历史也许会这么书写：德国发明汽车、美国发明流水线、日本发明精益生产、中国开启智能化，它们在不同的历史时期都推动了汽车行业的车轮。境系列不只一个，为啥最先推出的是启境？ 其实从名字就能看出来，启这个本身就是开启、启动、启示的含义在里面：启是方法的重启；境是边界的扩张，启境就是推出一道新的大门。如果你关注节奏，会发现启境推进得异常快。快到让行业都觉得惊讶，让大家觉得启境像是突然冒出来的一样，这依赖于体系双方的巨大决心与执行力。而这种态度，很容易让人想到华为内部那种典型的节奏：克制的时候极克制，决断的时候极决断。某种意义上，这股任式逻辑，也在启境身上延续着。预计首款车很快会亮相。品牌第一款车喜欢打高端，可能会给上最足的配置，比如乾崑智驾ADS 4可能就会给到四激光的版本，这么一来价格就要打到35万元左右了。根据目前的信息，启境的车型在追求舒适的同时，也会注重操控。这类产品的气质，也和五界的舒适家用路线，刚好构成了天然互补。不管怎么说，本来有点乏味的2025广州车展期间，正是由于启境的到来，给大家带来了一点兴奋的感觉。行业的每一次进化，都始于有人敢迈出那道“启”，也因此世界才会多出一个新的“境”。

[图片] https://pic4.zhimg.com/100/v2-f6432cd0424e954795f95df0735ec739_1440w.jpg, https://picx.zhimg.com/100/v2-0531bbb63dea5a58c707909c240ad19b_1440w.jpg, https://picx.zhimg.com/100/v2-2cc9d14ff5d224d1da5f87d993d9fe03_1440w.jpg, https://pic3.zhimg.com/100/v2-5bcf8f084794e88d143c020cd2143076_1440w.jpg",,https://www.zhihu.com/pin/1977851660480038699?native=0&scene=pin_moments,,2025广州车展的前一天，有一个广泛关注的焦点，是华为在汽车行业的新布局启幕了全新的“境”系列，而华为第一境就是启境。“境”在“界”之外，那它俩有何不同？要理解这一点，我们需要回顾一下这几年，华为的乾崑ADS 4、鸿蒙座舱、途灵平台等技术确实好用，由此带来了巨在的力量，让问界M9、享界S9T都取得了历史性的成功。华为不造车，但已经成为汽车行业不可忽视的力量。本次车展之前，它的边界就是五界+供应商赋,1764336607,1764336607,3,0,df4deb9232dab1f6f7193041b6628da0,https://www.zhihu.com/people/zhangkangkang,张抗抗,https://picx.zhimg.com/v2-b8c4992b61b3435c653f23af24846efb_720w.jpg?source=8a6f5038&needBackground=1,zhangkangkang,,1766544776208
1977017498655274061,pin,"车展报道11： 比亚迪王朝网的车型很多，但在这次车展的发布还是有所重点，那就是高端系列的汉L和唐L推出新车色和OTA。汉L唐L共同推出橄榄绿全新车色，汉L额外加入西子蓝新色，全新车色开启全新潮范出行。同时还推出了超级置换补贴价。比较重要的是推出黑化运动套件，其重要性在于：选装之后可以明显将汉L和汉给区分出来。 #广州车展潮这看  #2025广州车展

[图片] https://pic3.zhimg.com/100/v2-34fef262bc07892cccad28a6ddbfd1d8_1440w.jpg, https://pic2.zhimg.com/100/v2-fe98047d516b5879c81a645fdaa2237b_1440w.jpg, https://pic2.zhimg.com/100/v2-e57cec88c9bce27a1ed6363ef5ffc00d_1440w.jpg, https://pic1.zhimg.com/100/v2-0b8d7be05e337648f57b219c4451a5bc_1440w.jpg",,https://www.zhihu.com/pin/1977017498655274061?native=0&scene=pin_moments,,"车展报道11： 比亚迪王朝网的车型很多，但在这次车展的发布还是有所重点，那就是高端系列的汉L和唐L推出新车色和OTA。汉L唐L共同推出橄榄绿全新车色，汉L额外加入西子蓝新色，全新车色开启全新潮范出行。同时还推出了超级置换补贴价。比较重要的是推出黑化运动套件，其重要性在于：选装之后可以明显将汉L和汉给区分出来。 #广州车展潮这看  #2025广州车展

[图片] https://pic3.zhimg",1764137750,1764137750,5,1,df4deb9232dab1f6f7193041b6628da0,https://www.zhihu.com/people/zhangkangkang,张抗抗,https://picx.zhimg.com/v2-b8c4992b61b3435c653f23af24846efb_720w.jpg?source=8a6f5038&needBackground=1,zhangkangkang,,1766544776208
1976598960689918838,pin,"一汽集团战略投资卓驭科技36亿元，估值在百亿以上。这个融资数字比较大，毕竟这是战略投资，投资额不仅要依据融资方的需求，更要考虑投资方所希望占有的股比。卓驭比较知名的就是32TOPS算力+较少的感知传感器实现了城区NOA，这体现了技术高度。我认为，它之所以这么值钱，就在于它不仅有双目惯导这套较平价的方案，同时还有三目惯导方案【图2】、激目方案【图3】等。前面已经介绍了双目惯导方案，那什么是“惯导三目”呢？其实是在惯导双目的基础上，又加了一颗长焦单目摄像头。以一汽红旗的司南500为例，它加了一个8M像素，但这颗镜头的视场角只有30度——换句话说，它看的范围不宽，但看的非常远！这三颗眼睛分工很明确：- 双目主要负责近距离生成稠密的立体点云，用来精细还原车前环境；- 长焦单目就像是“远程望远镜”，专盯前方几百米之外的情况。它的加入，把系统的“远视力”直接拉满：- 普通障碍物的最远识别距离拉到300米，- 箭头灯和数字灯识别距离分别提升到239米和138米，- 上下匝道的检测距离也提升到了168米。这一改进，主要就是为了增强高速场景下的预判能力和行车安全。在惯导三目的支持下，司南500标准版不仅能实现高速NOA，也实现了“车位到车位”的城区NOA。从高速一路开到停车位，不再只是高配专属！激目方案则是在惯导双目的基础上加了一个激光雷达，在原本的基础上，又加上了一颗激光雷达。视觉感知的优势是“看得多”，也就是稠密；激光感知的优势是“看得准”，也就是精度高。 “稠密”负责铺开细节，“精准”负责标定关键点，二者融合，就能在“多”与“准”之间，找到一个最理想的平衡点。最近华为也发布了limera，也就是Lidar+Camera，信号从同一个镜头进去，激光雷达和摄像头共光学光路的系统，这样可以实现零时差、零位置差。这其实和卓驭的思路也有点像。 #卓驭科技

[图片] https://pic3.zhimg.com/100/v2-3ae39259bc6540c016c0a555c8383666_1440w.jpg, https://pic1.zhimg.com/100/v2-ba7a1bb70bdd529b2b012c399f381bf4_1440w.jpg, https://picx.zhimg.com/100/v2-63a94d7148ce39ef6a230a8974e4fab1_1440w.jpg, https://pic4.zhimg.com/100/v2-5e0d44aeaa24276fa23a4d8ca4e97cd1_1440w.jpg",,https://www.zhihu.com/pin/1976598960689918838?native=0&scene=pin_moments,,一汽集团战略投资卓驭科技36亿元，估值在百亿以上。这个融资数字比较大，毕竟这是战略投资，投资额不仅要依据融资方的需求，更要考虑投资方所希望占有的股比。卓驭比较知名的就是32TOPS算力+较少的感知传感器实现了城区NOA，这体现了技术高度。我认为，它之所以这么值钱，就在于它不仅有双目惯导这套较平价的方案，同时还有三目惯导方案【图2】、激目方案【图3】等。前面已经介绍了双目惯导方案，那什么是“惯导三目,1764037961,1764037961,2,0,df4deb9232dab1f6f7193041b6628da0,https://www.zhihu.com/people/zhangkangkang,张抗抗,https://picx.zhimg.com/v2-b8c4992b61b3435c653f23af24846efb_720w.jpg?source=8a6f5038&needBackground=1,zhangkangkang,,1766544776208
1976594011503469158,pin,"最近智驾领域的一个大新闻，卓驭科技获得一汽集团战略投资36亿元，可以说是在大逃杀中成功上案了。那卓驭凭的是什么呢？恰好前一段时间 链接 前往柳州试驾了宝骏云海，当看到32TOPS算力实现城区NOA时，她非常惊讶！能做到这一点，一是因为卓驭一直坚持技术平权的理念，致力于以平价的硬件实现更高的功能，二是卓驭自研了双目惯导传感器，如图3所示。这个系统内置了IMU，也就是惯性导航单元。通俗点讲，它不是只靠“眼睛”看路，还装了一个能“感知身体动作的小脑袋”——有点像我们耳朵里的前庭系统，哪怕闭上眼，也知道自己是不是在转、在晃、在加速。这个IMU厉害在哪儿呢？第一，它能帮摄像头搞“时间同步”。平时我们人看东西，两个眼睛看到的是不同的画面，但大脑能自动把它们对齐——这也是为啥你不会看得头晕。摄像头没有大脑怎么办？IMU就来做这个“对齐器”，帮视觉系统把时间和动作对上拍，避免感知出错。第二，它能动态补偿姿态。比如车子上个大坡、来个大转弯，摄像头看到的画面突然歪了，那系统可能会误判。但IMU会说：“没事，这是我们自己在动，不是前面路塌了。”它就像是车的“方向感知器”，让系统知道“现在发生的是车动，不是世界出错”。再加上抗干扰强，还能结合视觉搞SLAM建图，这个惯导双目视觉系统确实挺硬核的。某种意义上来说，辅助驾驶系统研究深了，都会在硬件上下功夫。

[图片] https://pica.zhimg.com/100/v2-36f0ed2eeeeec6ad15426803aae6d342_1440w.jpg, https://pic4.zhimg.com/100/v2-5e0d44aeaa24276fa23a4d8ca4e97cd1_1440w.jpg, https://picx.zhimg.com/100/v2-fa86098b3f5463b0aa0f02abd523efed_1440w.jpg",,https://www.zhihu.com/pin/1976594011503469158?native=0&scene=pin_moments,,最近智驾领域的一个大新闻，卓驭科技获得一汽集团战略投资36亿元，可以说是在大逃杀中成功上案了。那卓驭凭的是什么呢？恰好前一段时间 链接 前往柳州试驾了宝骏云海，当看到32TOPS算力实现城区NOA时，她非常惊讶！能做到这一点，一是因为卓驭一直坚持技术平权的理念，致力于以平价的硬件实现更高的功能，二是卓驭自研了双目惯导传感器，如图3所示。这个系统内置了IMU，也就是惯性导航单元。通俗点讲，它不是只靠,1764036840,1764036840,1,0,df4deb9232dab1f6f7193041b6628da0,https://www.zhihu.com/people/zhangkangkang,张抗抗,https://picx.zhimg.com/v2-b8c4992b61b3435c653f23af24846efb_720w.jpg?source=8a6f5038&needBackground=1,zhangkangkang,,1766544776208
1975946557883974544,pin,弗雷刘的演讲很精彩！,,https://www.zhihu.com/pin/1975946557883974544?native=0&scene=pin_moments,,"弗雷刘的演讲很精彩！
",1763882370,1763882370,1,0,df4deb9232dab1f6f7193041b6628da0,https://www.zhihu.com/people/zhangkangkang,张抗抗,https://picx.zhimg.com/v2-b8c4992b61b3435c653f23af24846efb_720w.jpg?source=8a6f5038&needBackground=1,zhangkangkang,,1766544776209
1975646922330093502,pin,"车展报道10：仰望U9X刚刚创了两个纪录，底气很足。一是以6分59秒刷新纽北量产电车圈速纪录。二是创造了496.22km/h的极速成绩，刷新全球汽车极速纪录。U7同样也是走了技术赋能豪华进阶的路子，形象大使潘展乐也是既有实力又有颜值，他也来到了展台，吸引了很多粉丝到来。这阳光小伙确实很帅！ ​​​​

[图片] https://pic2.zhimg.com/100/v2-d2d536d413f571a2260918afd4634297_1440w.jpg, https://pic3.zhimg.com/100/v2-83a02c3a0873349cba2e5023ba60ee52_1440w.jpg",,https://www.zhihu.com/pin/1975646922330093502?native=0&scene=pin_moments,,"车展报道10：仰望U9X刚刚创了两个纪录，底气很足。一是以6分59秒刷新纽北量产电车圈速纪录。二是创造了496.22km/h的极速成绩，刷新全球汽车极速纪录。U7同样也是走了技术赋能豪华进阶的路子，形象大使潘展乐也是既有实力又有颜值，他也来到了展台，吸引了很多粉丝到来。这阳光小伙确实很帅！ ​​​​

[图片] https://pic2.zhimg.com/100/v2-d2d536d413f57",1763810974,1763810974,2,1,df4deb9232dab1f6f7193041b6628da0,https://www.zhihu.com/people/zhangkangkang,张抗抗,https://picx.zhimg.com/v2-b8c4992b61b3435c653f23af24846efb_720w.jpg?source=8a6f5038&needBackground=1,zhangkangkang,,1766544776209
1975624172991448742,pin,"车展报道09： 腾势展出了N8L、D9、N9、Z9/Z9GT等车型。重点还是最新的N8L，主打安全之王和操控之王两个特征，力求在一众大三排新能源SUV中找到差异化。安全之王与操控之王共同落脚在易三方这个核心技术上，一旦能被普遍接受，那么将产生人无我有的优势，以科技重塑新豪华体验。D9即将迎来30万辆交付的里程碑。之前是新能源MPV的标杆，把gl8打了一个措手不及，如今新能源MPV来了很多强大的竞争对手。个人认为，D9也该到了换电的时候了。

[图片] https://pic1.zhimg.com/100/v2-cb8b1add68ed3a96990ee5bc9755f2c8_1440w.jpg, https://pic3.zhimg.com/100/v2-40b35f7b2d9e65ec190b21ebd1a72ea8_1440w.jpg, https://pica.zhimg.com/100/v2-4f99865c85019878ebecde41562351a6_1440w.jpg",,https://www.zhihu.com/pin/1975624172991448742?native=0&scene=pin_moments,,车展报道09： 腾势展出了N8L、D9、N9、Z9/Z9GT等车型。重点还是最新的N8L，主打安全之王和操控之王两个特征，力求在一众大三排新能源SUV中找到差异化。安全之王与操控之王共同落脚在易三方这个核心技术上，一旦能被普遍接受，那么将产生人无我有的优势，以科技重塑新豪华体验。D9即将迎来30万辆交付的里程碑。之前是新能源MPV的标杆，把gl8打了一个措手不及，如今新能源MPV来了很多强大的竞争,1763805542,1763805542,1,0,df4deb9232dab1f6f7193041b6628da0,https://www.zhihu.com/people/zhangkangkang,张抗抗,https://picx.zhimg.com/v2-b8c4992b61b3435c653f23af24846efb_720w.jpg?source=8a6f5038&needBackground=1,zhangkangkang,,1766544776209
1974944733991298200,pin,"#东风x华为官宣奕境汽车  奕境，也是挺有意境的名字。本来以为只是原有的ADS4、鸿蒙座舱5给用上去，没想到今天华为上了大菜，一堆新技术轮番上阵，比如Limera、HUAWEI SOUND Ultimate，我听着心情都有点激动了。这些都会出现在奕境的新产品上，可以说，诞生在了一个好时候。 ​​​

[图片] https://pica.zhimg.com/100/v2-d19a93a832ae448a5860a7e3b03d73b0_1440w.jpg",,https://www.zhihu.com/pin/1974944733991298200?native=0&scene=pin_moments,,"#东风x华为官宣奕境汽车  奕境，也是挺有意境的名字。本来以为只是原有的ADS4、鸿蒙座舱5给用上去，没想到今天华为上了大菜，一堆新技术轮番上阵，比如Limera、HUAWEI SOUND Ultimate，我听着心情都有点激动了。这些都会出现在奕境的新产品上，可以说，诞生在了一个好时候。 ​​​

[图片] https://pica.zhimg.com/100/v2-d19a93a832ae44",1763643642,1763643642,2,1,df4deb9232dab1f6f7193041b6628da0,https://www.zhihu.com/people/zhangkangkang,张抗抗,https://picx.zhimg.com/v2-b8c4992b61b3435c653f23af24846efb_720w.jpg?source=8a6f5038&needBackground=1,zhangkangkang,,1766544776209
1972310709162473175,pin,"2025年的新能源市场，出现了一个有趣的反转：曾经只造纯电的车企开始造增程，而那些靠增程起家的车企，也开始造纯电。表面上看是各取所需，但动机其实完全不同。纯电车企造增程，更多是为了扩大销量。平台已经有了，只需改一个能量路径，就能覆盖更多用户。比如零跑，就是从纯电跨向增程的第一批车企。它的增程车型销量占比其实只有两三成，但这两三成是增量，也挺开心的，而纯电主力盘依旧稳固。而增程车企转纯电，则是一次战略重构。一方面，增程赛道已经卷到极致，竞争变得非常拥挤，技术、供应链和价格都逼近天花板；另一方面，新能源用户换车时有个明显的单向趋势——“增程或插混车主的下一辆，往往是纯电”。如果不提前布局纯电平台，未来的增长空间就会相当受限。此外还有一个重要动因，那就是传统观念中认为，大三排SUV/MPV是插混或增程的“自留地”。纯电这种动力形式，天然被认为难以涉足，是一个长期的盲区。没想到的是，乐道L90的横空出世，凭借换电体系、轻量化平台与能量管理优化，克服了能耗高、补能慢、空间受限等关键难题，强势证明了纯电也可以做大三排SUV，甚至还可以做得更好。它让人们第一次意识到：纯电正在变得更加全面，不再只是某几个细分市场的单项冠军，而是开始渗透进所有主流品类。换句话说，当纯电阵营的能力全面铺开，增程阵营转向纯电的紧迫性，也就被进一步放大了。从这个角度来看，乐道L90不仅是一款车型的成功，更是为拓展纯电阵营的领地立下了汗马功劳。换电，正在走向新能源行业更重要的位置。要理解乐道L90背后的体系能力，就得从L60看起。L60比L90早了大半年，它是整个乐道纯电平台的首发车型，也是技术验证的起点。无论是60度与85度电池的通用性，还是轻量化设计、空间利用率、安全结构，它都已经提前完成了验证。L90的成功，其实正是建立在L60奠定的工程基础之上。而现实成果也如同预期，乐道品牌累计交付已经超过10万台，这是用户实打实用“钞票”投票的结果。在这个平台架构下，L60实现了同级领先的能耗表现与续航效率。它的电池包厚度为116毫米，在保持高强度结构的同时，为舱内空间释放出更多纵向高度；电池容量提供60度和85度两个版本，均支持换电，与L90通用。曾经我对蔚来二代换电电池有些顾虑，认为它在能量密度、电池厚度、充电能力等方面受到换电制约，赶不上日益进步的充电阵营。而基于三代平台的乐道电池一出，无论是能量密度还是电池厚度都达到了顶尖水平，并没有为换电做出妥协；而在此基础上还能兼容换电，这就让换电成为真正的“人无我有”的工程优势。其实作为15万内唯一搭载全域900V高压架构的中型SUV，要说它的技术领先行业一个技术周期，也不算过分吧。在C-NCAP和中保研两项权威碰撞测试中，L60都拿下了最高等级成绩——C-NCAP五星安全评级，中保研正面25%偏置碰撞与侧面碰撞均获“G+”，在车顶强度和座椅鞭打测试中也保持领先。不仅三项安全指标为G+，就连耐撞与维修经济性也拿了G，这说明L60的工程设计已经不再为安全妥协其他指标，而是可以做到从容有度、全面兼顾。续航表现同样印证了这一点。李斌此前开L60从上海到合肥的公开行程中，整段高速平均电耗约12.5kWh/100km，满电出发，全程340公里到达时仍剩余约15%的电量。这些真实数据说明，L60不仅纸面参数漂亮，实际能耗也足够稳定。从用户角度看，L60的价值也在于长期使用的稳定感。去年底因为市场波动与置换补贴调整，它的保值率曾短暂起伏，但今年随着销量回稳、二手市场信心恢复，L60的保值率重新攀升，并在中国汽车流通协会和精算估联合发布的最新榜单中拿下纯电中型SUV的保值率第一。这说明它正在成为一款能代表新平台成熟度与技术可靠性的车型，回归它应有的位置。从L60到L90，乐道完成了从技术验证到场景突破的跃迁，也让纯电阵营真正具备了全面应战的能力。

[图片] https://pic1.zhimg.com/100/v2-794044546b17e0f789ce530ff5b3676e_1440w.jpg, https://picx.zhimg.com/100/v2-092d042f075f1f545ae22e34004cefc9_1440w.jpg, https://pic3.zhimg.com/100/v2-45ede2387ca028ab174b236004fb9b76_1440w.jpg, https://pic3.zhimg.com/100/v2-b9c34f6354ff0e2085d645913c8b084c_1440w.jpg, https://pica.zhimg.com/100/v2-b2cf0ef07ec57c9f8effb7fe151ad3ce_1440w.jpg, https://pic3.zhimg.com/100/v2-05982dad89aa44a8deea1a2bdb1597b0_1440w.jpg",,https://www.zhihu.com/pin/1972310709162473175?native=0&scene=pin_moments,,2025年的新能源市场，出现了一个有趣的反转：曾经只造纯电的车企开始造增程，而那些靠增程起家的车企，也开始造纯电。表面上看是各取所需，但动机其实完全不同。纯电车企造增程，更多是为了扩大销量。平台已经有了，只需改一个能量路径，就能覆盖更多用户。比如零跑，就是从纯电跨向增程的第一批车企。它的增程车型销量占比其实只有两三成，但这两三成是增量，也挺开心的，而纯电主力盘依旧稳固。而增程车企转纯电，则是一次战,1763015516,1763015516,0,0,df4deb9232dab1f6f7193041b6628da0,https://www.zhihu.com/people/zhangkangkang,张抗抗,https://picx.zhimg.com/v2-b8c4992b61b3435c653f23af24846efb_720w.jpg?source=8a6f5038&needBackground=1,zhangkangkang,,1766544776209
1972308491461989412,pin,"“中国新能源车做得好，那些洋破烂卖不动”—罗永浩前两天直播说的，平时对直播其实没兴趣，这句倒是引起了我的注意，现在国产品牌越来越好，已经进入到2.0阶段了，合资品牌除了少数创新者，大多数还在四处出击未来之路，尚未找到有效道路。下一阶段的激烈赛道就是20–30 万级纯电 SUV，这里已经进入了淘汰赛，Model Y也将迎来中国的真正挑战者。如果以月销 5000 辆为门槛来看，目前能稳定在这个区间的主流车型，其实也就四款：Model Y、小米 YU7、理想 i6，以及乐道 L60。是的，尽管被 L90 的光芒笼罩，但实际上 L60 的销量一直还不错，属于闷声发财卖车的状态。这四款车有一个共同点——很稳。Model Y 已经是“惯性卖得好”的代表；YU7 从上市开始，热度就没下去；理想 i6 交付势头也挺强，看趋势大概率月交付能过 5000。至于乐道 L60，它可能是这四款里低调但有实力的一位。这台车去年发布后，到现在短短一年的时间，品牌交付量突破了10w台。且一路走高、趋势向好。为什么它能稳？因为它不是爆款逻辑，而是长期逻辑。一台长期逻辑的车，在这个时代显得极为稀缺，弥足珍贵，因为它需要强大的产品力支撑，还得让实际开过的用户满意，甚至愿意推荐给身边的朋友。并不需要靠话题制造热度，而是靠产品力闷声发大财。而它“能换电”，也是这个品牌长期主义下的“杀手锏”，谈到三分钟换电，很多人第一印象是“快”，实则它的背后逻辑更值得深析，这相当于以更低的价格入手一台完全不需要担心“电池衰减”的车，价格低+能换电的双向加持，也就合理保证了它的保值率甚至能超越model y，在中国汽车流通协会认证的榜单中，它的一年保值率同级第一。不仅如此，它也凭借“全 G”成绩获得了中保研史上安全评级第一，这也就打消了“价格低会不会影响质量”的疑问，所以从品牌实力的角度去讲，这也是给予用户信心的体现。对于显性的产品力，其实换句话说就是用户收益，最显性的就是空间、能耗，而L60都非常具有优势，首先有超大空间，甚至二排空间可轻松实现“溜达自由”；能耗方面，后驱版本百公里能耗低至 11.9 kWh、四驱低至 12.4 kWh，与 Model Y 并列同级第一。现在通过再进化，L60 的能耗、智能与舒适性更全面，也让它的竞争力更加平衡。如今乐道品牌累计交付量也突破了 10 万台，势能正在形成正循环。现在的20–30 万级纯电 SUV 市场，已经形成了四小龙的格局：Model Y、YU7、理想 i6、乐道 L60。它们都强、都稳，也都有自己的独门利器。谁都干不掉谁，但每一款都在推动这个市场往前走。

[图片] https://picx.zhimg.com/100/v2-5901c83f6f70bf9f0b19afaf4d8ba4cd_1440w.jpg, https://pic3.zhimg.com/100/v2-95f7b30c1be027b08335449d25841300_1440w.jpg, https://picx.zhimg.com/100/v2-e0b2947aa0e217dec7892d4a39d6ae95_1440w.jpg",,https://www.zhihu.com/pin/1972308491461989412?native=0&scene=pin_moments,,“中国新能源车做得好，那些洋破烂卖不动”—罗永浩前两天直播说的，平时对直播其实没兴趣，这句倒是引起了我的注意，现在国产品牌越来越好，已经进入到2.0阶段了，合资品牌除了少数创新者，大多数还在四处出击未来之路，尚未找到有效道路。下一阶段的激烈赛道就是20–30 万级纯电 SUV，这里已经进入了淘汰赛，Model Y也将迎来中国的真正挑战者。如果以月销 5000 辆为门槛来看，目前能稳定在这个区间的主,1763014988,1763014988,3,0,df4deb9232dab1f6f7193041b6628da0,https://www.zhihu.com/people/zhangkangkang,张抗抗,https://picx.zhimg.com/v2-b8c4992b61b3435c653f23af24846efb_720w.jpg?source=8a6f5038&needBackground=1,zhangkangkang,,1766544776210
1972303971776443960,pin,"【从世界电池大会到时代长安：深蓝L06背后的“宜宾答案”】这几天的宜宾，又成了新能源圈的焦点。2025世界动力电池大会在这座电池之都召开，来自全球的企业、学者齐聚一堂。说实话，我对这个大会挺有感情——前两年也来过一次，我导师的院士工作站就在这边。当时去参观四川时代工厂，结果被婉拒了，理由很现实：怕影响生产。后来想想也合理——那条产线每天产值几个亿，停10分钟都得心疼。这件事也让我更直观地理解了一点：电池产能，对车企的重要性已经到了“战略级”。这次大会的另一件大事，是时代长安动力电池有限公司正式扩能投产。这家公司由宁德时代、长安汽车、以及深蓝汽车共同投资，落地在宜宾长江工业园。去年底刚成立，一期项目总投资60亿元，占地1000多亩，年产能可达30GWh；而此次扩能后，规划总投资120亿元、年产能60GWh，将带来超过4000个就业岗位。工厂采用宁德最新一代2.0超级生产线，平均每秒生产1个电芯，自动化率超过95%，洁净度甚至达到外科手术级别。这就是典型的“宁德速度+长安效率”。从厂房交付到产线投料，仅用了两个月时间，11月24日第一颗标准电芯就下线。这样的效率，不仅是制造实力的体现，更是中国产业链协同的一个缩影。对长安和深蓝来说，意义更大。过去，整车厂大多依赖外部供应商，不仅成本波动大，研发节奏也容易受限。时代长安的成立，让长安汽车在动力电池这个核心零部件上，真正实现了自主可控。对宁德来说，这也是一种双向绑定——通过合资，让客户成为伙伴，而不是单纯的采购关系。这也解释了一个看似简单的问题：为什么深蓝L06能全系标配宁德时代电池。因为有了时代长安，宁德的产能完全能覆盖长安系的需求——L06、启源、阿维塔等多个品牌都在共享同一体系。换句话说，这款车用的几乎是自家电池，自然不愁配套。更重要的是，这里产的电芯还可以双方共同定义性能。比如，它采用宁德的快离子环石墨与多梯度分层极片技术，能在常温下15分钟充电至80%，循环寿命超过2000次；同时配合长安自研的金钟罩安全体系，能实现120km/h正面碰撞不起火的安全标准。这些硬核指标，让L06在续航、安全、补能效率上，都能拿出扎实的底气。在大会现场，深蓝汽车董事长邓承浩也发表了演讲。他提到：“电池安全不是一句口号，而是一场长期战。只有从材料到结构再到系统，层层守护，才能让用户真正无惧风险。”这句话让我印象深刻——它不仅回应了用户对新能源车的最大担忧，也呼应了深蓝过去两年在技术投入上的路线：稳，不冒进；强，不虚标。从宜宾出发看整个行业，其实能看出一个趋势：动力电池的竞争，正在从技术领先转向体系协同。过去大家比能量密度、比快充倍率，而现在，像长安、宁德这样的整车与电池深度合作，已经进入共生时代。上游供应链和整车的边界正在模糊，研发、制造、供应的联动，才是产业效率的新杠杆。回看宜宾这座城市，从2018年启动“新能源万亿产业计划”到今天的全球电池大会，再到时代长安的正式扩能，它几乎成了中国新能源产业的一个缩影：技术在这里交汇，资本在这里聚集，未来在这里成型。所以，当你看到深蓝L06写着“全系标配宁德时代电池”这行字时，它的含义不只是配置表的一行，而是背后一个庞大体系的落地成果。它意味着中国车企正把核心能力握在自己手里，也意味着我们离真正的“智能制造强国”又近了一步。 #深蓝L06全系标配宁德时代电池

[图片] https://pic4.zhimg.com/100/v2-4eb2c9bdd3719f2829d8ae58880429b7_1440w.jpg, https://pica.zhimg.com/100/v2-76b45907ee3eba0b5a245b5e4028fdbe_1440w.jpg, https://pic3.zhimg.com/100/v2-1cb0c56a85688362868527f7e3a6d40c_1440w.jpg, https://pic4.zhimg.com/100/v2-34a47b0282bbaf88224d81b51900b7ff_1440w.jpg, https://pica.zhimg.com/100/v2-d52addf39581f17b4a70f64bf81a0d2c_1440w.jpg",,https://www.zhihu.com/pin/1972303971776443960?native=0&scene=pin_moments,,【从世界电池大会到时代长安：深蓝L06背后的“宜宾答案”】这几天的宜宾，又成了新能源圈的焦点。2025世界动力电池大会在这座电池之都召开，来自全球的企业、学者齐聚一堂。说实话，我对这个大会挺有感情——前两年也来过一次，我导师的院士工作站就在这边。当时去参观四川时代工厂，结果被婉拒了，理由很现实：怕影响生产。后来想想也合理——那条产线每天产值几个亿，停10分钟都得心疼。这件事也让我更直观地理解了一点,1763013910,1763013910,2,0,df4deb9232dab1f6f7193041b6628da0,https://www.zhihu.com/people/zhangkangkang,张抗抗,https://picx.zhimg.com/v2-b8c4992b61b3435c653f23af24846efb_720w.jpg?source=8a6f5038&needBackground=1,zhangkangkang,,1766544776210
1971688646915625549,pin,"很多人心中的完美用车组合，正是“大+小”组合：一辆三排座的大SUV，能带全家远行；再来一辆灵巧的小车，城市通勤、买菜接娃都方便。尤其是后者——小车，好开、好停、省电，用着轻松自在，是一种“日常里的自由感”。但问题也在这：车是小了，心可能就大不起来了。刻板印象中，车小就意味着头短尾巴短，碰撞时的溃缩空间小。一想到要载着孩子出门，万一出事了谁也没法承受。安全，成了很多人买小车的最后一道阻碍。但今天也许是一个里程碑 —— 有一辆小车，不仅证明了自己安全，还拿到了中保研几乎最强的、就连大车也不敢想的碰撞成绩：3个G+、1个G。G+是什么概念？说这个，还得说它的老大哥蔚来EC6。几年前，EC6在中保研的碰撞测试中，安全三项也是创纪录的“小项全满分”——三个G。但那时候还没有G+，只能把大项拆成中项，中项拆成小项，一层层去看，才知道它到底有多卷。后来中保研才加了“G+”这一档，像是专门为这些“被G限制了上限”的车准备的。现在，萤火虫也进了这个段位。而且，比当年更难。规程升级了，副驾也要撞，壁障更重、撞击点更高。对一辆车长只有4003mm的小车来说，几乎是“地狱难度”。而这次，能和它并列的，只有问界M9和乐道L60——都是比它大两圈的车。实话实说，萤火虫能拿G+，不管是横向比还是纵向比，都更难。横向比，它比问界、乐道更吃亏；纵向比，它比当年的EC6面对更高门槛。而它不仅三项安全拿到G+，就连大家最容易忽视的“耐撞与维修性”也拿到了G。这项一般能拿个M就算不错了，很多车为了前面几个G+，干脆就不管这项了。但萤火虫四项全做到了，是从工程逻辑上真正“不偏科”。怎么做到的？也不展开强讲了，我们就一项说一个点举例吧：- 被动安全方面，最难的小偏置碰撞，A柱没有变形，乘员舱结构完整，生存空间还很充足。这是很多大车都会出问题的环节，小车能扛住，说明结构是真的硬。其实也可以看看它的气囊，展开后几乎充满整个座舱，鼓鼓的，像穿了一件大棉袄——这可真舍得用料啊！买车的钱没白花，这下看得一清二楚。- 主动安全方面，前面看的是“钢筋铁骨”，这里就看“聪不聪明、灵不灵巧”了。像行人AEB、车道保持、DMS，它几乎全是满分，每一项都能准确识别、及时触发、跑通流程。- 行人保护这一块，可以说是“从顾自己，到顾别人”。它对电瓶车、行人这类目标的识别和刹停都做得很到位。- 再说维修性，这一项很多车其实是主动放弃的。但萤火虫的前纵梁吸能结构做得很好，撞完之后不至于一修就整车报废。这也意味着：入手成本不高，特别是 BaaS 之后更轻松；持有的维修、保险成本也不高，是真为用户着想的那种车。最后两个感受：第一，过去我们说蔚来有安全基因，是因为它有大车的底子；现在，这个基因已经延续到了小车上。安全 = 蔚乐萤的基因。第二，这一代技术平台是真的强。以前做安全多少是取舍，而现在，它尽可能地做到了“尽要又要”——安全、空间、智能，全都兼顾。

[图片] https://pica.zhimg.com/100/v2-8b8297c787ecc3f2651f7fb5810255c4_1440w.jpg, https://pic2.zhimg.com/100/v2-17662ef1b255819f75531e8502f123e5_1440w.jpg, https://pica.zhimg.com/100/v2-b5f89f85b040bcac36c4ad1fd5de90b0_1440w.jpg, https://picx.zhimg.com/100/v2-2ecfbb6f649ce6967fce7b75692172b5_1440w.jpg, https://picx.zhimg.com/100/v2-6aa17d7d836aed6c221adb3a2c8544c7_1440w.jpg, https://pic1.zhimg.com/100/v2-d76cd970c04592d29cd18867bdd987a2_1440w.jpg, https://pic3.zhimg.com/100/v2-6ddfe4110285d39f2b5be042354f139a_1440w.jpg, https://picx.zhimg.com/100/v2-f2bbe4156fe1daa48ed10d4f232dff19_1440w.jpg, https://pica.zhimg.com/100/v2-ca067799453b63ef556afb450220edc4_1440w.jpg",,https://www.zhihu.com/pin/1971688646915625549?native=0&scene=pin_moments,,很多人心中的完美用车组合，正是“大+小”组合：一辆三排座的大SUV，能带全家远行；再来一辆灵巧的小车，城市通勤、买菜接娃都方便。尤其是后者——小车，好开、好停、省电，用着轻松自在，是一种“日常里的自由感”。但问题也在这：车是小了，心可能就大不起来了。刻板印象中，车小就意味着头短尾巴短，碰撞时的溃缩空间小。一想到要载着孩子出门，万一出事了谁也没法承受。安全，成了很多人买小车的最后一道阻碍。但今天也许,1762867205,1762867205,3,0,df4deb9232dab1f6f7193041b6628da0,https://www.zhihu.com/people/zhangkangkang,张抗抗,https://picx.zhimg.com/v2-b8c4992b61b3435c653f23af24846efb_720w.jpg?source=8a6f5038&needBackground=1,zhangkangkang,,1766544776210
1963893869092534058,pin,"比亚迪汉L的能耗怎么样？ 安亭往返虹桥机场接人，行驶了6533-6482=51公里，表显消耗644-581=63公里，CLTC续航达成率51/63 = 81%。 四人满载(去程三人)+开空调的情况下，这个数据相当不错。在@轰鸣的小跑SVM 定义的能耗排行中微博正文，汉L EV在总榜排行第19，也是比亚迪所有车型中能耗最好的。汉L EV日常用车非常舒适，座椅舒服、底盘好，天神之眼B非常好用，远远超过天眼之眼C。 能选B一定不要选C。 有一点美中不足，就是在泊车的时候，明明是在倒车，但如果前方有快速穿行的车辆，也会AEB急刹一下。 还有就是虹桥火车站停车场的下坡如果开快一些，也会有AEB提示。

[图片] https://pic1.zhimg.com/100/v2-b9a0ac208f9d542277c80ba64ee02b08_1440w.jpg, https://pic4.zhimg.com/100/v2-5c6383c60c3e0de2589baf8aded3e265_1440w.jpg, https://pic1.zhimg.com/100/v2-67edd1b236382e610a18e1cdfe3b3808_1440w.jpg, https://pica.zhimg.com/100/v2-e7c5c5b978bf6a14907d6ad91069983e_1440w.jpg, https://pic2.zhimg.com/100/v2-c56672b4f57ae54591b1e1da2a890ee9_1440w.jpg",,https://www.zhihu.com/pin/1963893869092534058?native=0&scene=pin_moments,,比亚迪汉L的能耗怎么样？ 安亭往返虹桥机场接人，行驶了6533-6482=51公里，表显消耗644-581=63公里，CLTC续航达成率51/63 = 81%。 四人满载(去程三人)+开空调的情况下，这个数据相当不错。在@轰鸣的小跑SVM 定义的能耗排行中微博正文，汉L EV在总榜排行第19，也是比亚迪所有车型中能耗最好的。汉L EV日常用车非常舒适，座椅舒服、底盘好，天神之眼B非常好用，远远超过,1761008785,1761008785,6,0,df4deb9232dab1f6f7193041b6628da0,https://www.zhihu.com/people/zhangkangkang,张抗抗,https://picx.zhimg.com/v2-b8c4992b61b3435c653f23af24846efb_720w.jpg?source=8a6f5038&needBackground=1,zhangkangkang,,1766544776210
1952992387015090678,pin,"#王耀庆的霸总座驾 号称“小揽胜”，捷途X70L全国上市，超级置换抢购价9.99万元起。新车长4810mm、轴距2820mm，提供5座/7座布局，满足不同家庭出行需求。发布会现场，王耀庆以“精英男神”身份助阵，让这台强调越级豪华的大七座SUV收获更多关注。动力上搭载1.5T与2.0T鲲鹏发动机，匹配8AT，并配有云台底盘和CDC电磁悬挂，兼顾稳定与舒适。内饰细节包括水晶电动座椅按钮、64色氛围灯，二排支持电动调节。

[图片] https://pica.zhimg.com/100/v2-39a935a5744e5c8d6ffc80ba4744314a_1440w.jpg",,https://www.zhihu.com/pin/1952992387015090678?native=0&scene=pin_moments,,#王耀庆的霸总座驾 号称“小揽胜”，捷途X70L全国上市，超级置换抢购价9.99万元起。新车长4810mm、轴距2820mm，提供5座/7座布局，满足不同家庭出行需求。发布会现场，王耀庆以“精英男神”身份助阵，让这台强调越级豪华的大七座SUV收获更多关注。动力上搭载1.5T与2.0T鲲鹏发动机，匹配8AT，并配有云台底盘和CDC电磁悬挂，兼顾稳定与舒适。内饰细节包括水晶电动座椅按钮、64色氛围灯，,1758409669,1761553143,2,0,df4deb9232dab1f6f7193041b6628da0,https://www.zhihu.com/people/zhangkangkang,张抗抗,https://picx.zhimg.com/v2-b8c4992b61b3435c653f23af24846efb_720w.jpg?source=8a6f5038&needBackground=1,zhangkangkang,,1766544776211
